modelo;serial;estado;tipo_item_id
Modem Huawei E32724G;862600020598169;USADO;4
Modem Huawei E32724G;862600020597765;USADO;4
Modem Huawei E32724G;862600020623694;USADO;4
Modem Huawei E32724G;862600020597757;USADO;4
Modem Huawei E32724G;862600020623843;USADO;4
Modem Huawei E32724G;862600020598144;USADO;4
Modem Huawei E32724G;862600020598185;USADO;4
Modem Huawei E32724G;862600020601849;USADO;4
Modem Huawei E32724G;862600020597849;USADO;4
Modem Huawei E32724G;862600020623777;USADO;4
Modem Huawei E32724G;862600020625939;USADO;4
Modem Huawei E32724G;862600020603274;USADO;4
Modem Huawei E32724G;862600020625327;USADO;4
Modem Huawei E32724G;862600020597716;USADO;4
Modem Huawei E32724G;862600020597724;USADO;4
Modem Huawei E32724G;862600020623793;USADO;4
Modem Huawei E32724G;862600020624007;USADO;4
Modem Huawei E32724G;862600020597989;USADO;4
Modem Huawei E32724G;862600020598201;USADO;4
Modem Huawei E32724G;862600020625566;USADO;4
Modem Huawei E32724G;862600020598003;USADO;4
Modem Huawei E32724G;862600020597856;USADO;4
Modem Huawei E32724G;862600020597864;USADO;4
Modem Huawei E32724G;862600020598029;USADO;4
Modem Huawei E32724G;862600020625673;USADO;4
Modem Huawei E32724G;862600020625913;USADO;4
Modem Huawei E32724G;862600020597211;USADO;4
Modem Huawei E32724G;862600020623272;USADO;4
Modem Huawei E32724G;862600020597229;USADO;4
Modem Huawei E32724G;862600020597146;USADO;4
Modem Huawei E32724G;862600020623223;USADO;4
Modem Huawei E32724G;862600020603175;USADO;4
Modem Huawei E32724G;862600020597328;USADO;4
Modem Huawei E32724G;862600020603126;USADO;4
Modem Huawei E32724G;862600020597187;USADO;4
Modem Huawei E32724G;862600020597062;USADO;4
Modem Huawei E32724G;862600020596478;USADO;4
Modem Huawei E32724G;862600020623967;USADO;4
Modem Huawei E32724G;862600020623603;USADO;4
Modem Huawei E32724G;862600020596593;USADO;4
Modem Huawei E32724G;862600020596734;USADO;4
Modem Huawei E32724G;862600020596577;USADO;4
Modem Huawei E32724G;862600020622670;USADO;4
Modem Huawei E32724G;862600020596924;USADO;4
Modem Huawei E32724G;862600020596692;USADO;4
Modem Huawei E32724G;862600020622613;USADO;4
Modem Huawei E32724G;862600020622498;USADO;4
Modem Huawei E32724G;862600020603019;USADO;4
Modem Huawei E32724G;862600020596809;USADO;4
Modem Huawei E32724G;862600020623546;USADO;4
Modem Huawei E32724G;862600020623884;USADO;4
Modem Huawei E32724G;862600020622779;USADO;4
Modem Huawei E32724G;862600020622688;USADO;4
Modem Huawei E32724G;862600020602961;USADO;4
Modem Huawei E32724G;862600020596817;USADO;4
Modem Huawei E32724G;862600020622449;USADO;4
Modem Huawei E32724G;862600020622597;USADO;4
Modem Huawei E32724G;862600020621250;USADO;4
Modem Huawei E32724G;862600020622522;USADO;4
Modem Huawei E32724G;862600020622423;USADO;4
Modem Huawei E32724G;862600020622381;USADO;4
Modem Huawei E32724G;862600020596155;USADO;4
Modem Huawei E32724G;862600020622928;USADO;4
Modem Huawei E32724G;862600020625731;USADO;4
Modem Huawei E32724G;862600020596718;USADO;4
Modem Huawei E32724G;862600020623587;USADO;4
Modem Huawei E32724G;862600020622431;USADO;4
Modem Huawei E32724G;862600020597005;USADO;4
Modem Huawei E32724G;862600020597088;USADO;4
Modem Huawei E32724G;862600020622514;USADO;4
Modem Huawei E32724G;862600020603076;USADO;4
Modem Huawei E32724G;862600020622530;USADO;4
Modem Huawei E32724G;862600020623561;USADO;4
Modem Huawei E32724G;862600020597013;USADO;4
Modem Huawei E32724G;862600020596106;USADO;4
Modem Huawei E32724G;862600020598417;USADO;4
Modem Huawei E32724G;862600020597955;USADO;4
Modem Huawei E32724G;862600020598466;USADO;4
Modem Huawei E32724G;862600020623637;USADO;4
Modem Huawei E32724G;862600020623579;USADO;4
Modem Huawei E32724G;862600020624304;USADO;4
Modem Huawei E32724G;862600020623702;USADO;4
Modem Huawei E32724G;862600020624213;USADO;4
Modem Huawei E32724G;862600020624247;USADO;4
Modem Huawei E32724G;862600020598557;USADO;4
Modem Huawei E32724G;862600020625764;USADO;4
Modem Huawei E32724G;862600020598490;USADO;4
Modem Huawei E32724G;862600020598581;USADO;4
Modem Huawei E32724G;862600020598516;USADO;4
Modem Huawei E32724G;862600020598540;USADO;4
Modem Huawei E32724G;862600020599266;USADO;4
Modem Huawei E32724G;862600020599241;USADO;4
Modem Huawei E32724G;862600020625194;USADO;4
Modem Huawei E32724G;862600020626473;USADO;4
Modem Huawei E32724G;862600020625244;USADO;4
Modem Huawei E32724G;862600020625541;USADO;4
Modem Huawei E32724G;862600020603217;USADO;4
Modem Huawei E32724G;862600020603324;USADO;4
Modem Huawei E32724G;862600020625459;USADO;4
Modem Huawei E32724G;862600020603209;USADO;4
Modem Huawei E32724G;862600020625343;USADO;4
Modem Huawei E32724G;862600020625269;USADO;4
Modem Huawei E32724G;862600020625376;USADO;4
Modem Huawei E32724G;862600020625285;USADO;4
Modem Huawei E32724G;862600020623728;USADO;4
Modem Huawei E32724G;862600020625418;USADO;4
Modem Huawei E32724G;862600020598755;USADO;4
Modem Huawei E32724G;862600020625335;USADO;4
Modem Huawei E32724G;862600020603308;USADO;4
Modem Huawei E32724G;862600020625723;USADO;4
Modem Huawei E32724G;862600020594135;USADO;4
Modem Huawei E32724G;862600020593723;USADO;4
Modem Huawei E32724G;862600020595082;USADO;4
Modem Huawei E32724G;862600020595157;USADO;4
Modem Huawei E32724G;862600020595165;USADO;4
Modem Huawei E32724G;862600020595132;USADO;4
Modem Huawei E32724G;862600020595124;USADO;4
Modem Huawei E32724G;862600020595108;USADO;4
Modem Huawei E32724G;862600020603233;USADO;4
Modem Huawei E32724G;862600020619668;USADO;4
Modem Huawei E32724G;862600020616599;USADO;4
Modem Huawei E32724G;862600020594317;USADO;4
Modem Huawei E32724G;862600020594960;USADO;4
Modem Huawei E32724G;862600020616920;USADO;4
Modem Huawei E32724G;862600020616912;USADO;4
Modem Huawei E32724G;862600020616532;USADO;4
Modem Huawei E32724G;862600020616540;USADO;4
Modem Huawei E32724G;862600020594978;USADO;4
Modem Huawei E32724G;862600020616938;USADO;4
Modem Huawei E32724G;862600020616573;USADO;4
Modem Huawei E32724G;862600020619676;USADO;4
Modem Huawei E32724G;862600020595090;USADO;4
Modem Huawei E32724G;862600020595033;USADO;4
Modem Huawei E32724G;862600020616557;USADO;4
Modem Huawei E32724G;862600020595066;USADO;4
Modem Huawei E32724G;862600020595116;USADO;4
Modem Huawei E32724G;862600020616631;USADO;4
Modem Huawei E32724G;862600020594564;USADO;4
Modem Huawei E32724G;862600020619684;USADO;4
Modem Huawei E32724G;862600020595173;USADO;4
Modem Huawei E32724G;862600020593111;USADO;4
Modem Huawei E32724G;862600020594408;USADO;4
Modem Huawei E32724G;862600020592410;USADO;4
Modem Huawei E32724G;862600020592436;USADO;4
Modem Huawei E32724G;862600020594358;USADO;4
Modem Huawei E32724G;862600020593293;USADO;4
Modem Huawei E32724G;862600020616946;USADO;4
Modem Huawei E32724G;862600020592444;USADO;4
Modem Huawei E32724G;862600020592394;USADO;4
Modem Huawei E32724G;862600020594333;USADO;4
Modem Huawei E32724G;862600020594879;USADO;4
Modem Huawei E32724G;862600020619593;USADO;4
Modem Huawei E32724G;862600020619361;USADO;4
Modem Huawei E32724G;862600020619114;USADO;4
Modem Huawei E32724G;862600020594895;USADO;4
Modem Huawei E32724G;862600020594325;USADO;4
Modem Huawei E32724G;862600020619627;USADO;4
Modem Huawei E32724G;862600020594119;USADO;4
Modem Huawei E32724G;862600020592402;USADO;4
Modem Huawei E32724G;862600020594903;USADO;4
Modem Huawei E32724G;862600020618397;USADO;4
Modem Huawei E32724G;862600020593129;USADO;4
Modem Huawei E32724G;862600020603142;USADO;4
Modem Huawei E32724G;862600020603092;USADO;4
Modem Huawei E32724G;862600020603001;USADO;4
Modem Huawei E32724G;862600020619528;USADO;4
Modem Huawei E32724G;862600020595041;USADO;4
Modem Huawei E32724G;862600020595140;USADO;4
Modem Huawei E32724G;862600020619536;USADO;4
Modem Huawei E32724G;862600020622555;USADO;4
Modem Huawei E32724G;862600020593103;USADO;4
Modem Huawei E32724G;862600020593236;USADO;4
Modem Huawei E32724G;862600020594374;USADO;4
Modem Huawei E32724G;862600020593178;USADO;4
Modem Huawei E32724G;862600020593145;USADO;4
Modem Huawei E32724G;862600020593160;USADO;4
Modem Huawei E32724G;862600020593152;USADO;4
Modem Huawei E32724G;862600020593996;USADO;4
Modem Huawei E32724G;862600020624445;USADO;4
Modem Huawei E32724G;862600020593830;USADO;4
Modem Huawei E32724G;862600020593533;USADO;4
Modem Huawei E32724G;862600020598433;USADO;4
Modem Huawei E32724G;862600020593194;USADO;4
Modem Huawei E32724G;862600020595421;USADO;4
Modem Huawei E32724G;862600020618538;USADO;4
Modem Huawei E32724G;862600020593202;USADO;4
Modem Huawei E32724G;862600020618587;USADO;4
Modem Huawei E32724G;862600020594275;USADO;4
Modem Huawei E32724G;862600020618355;USADO;4
Modem Huawei E32724G;862600020593244;USADO;4
Modem Huawei E32724G;862600020594382;USADO;4
Modem Huawei E32724G;862600020593210;USADO;4
Modem Huawei E32724G;862600020593228;USADO;4
Modem Huawei E32724G;862600020618611;USADO;4
Modem Huawei E32724G;862600020619023;USADO;4
Modem Huawei E32724G;862600020618470;USADO;4
Modem Huawei E32724G;862600020595405;USADO;4
Modem Huawei E32724G;862600020618561;USADO;4
Modem Huawei E32724G;862600020618553;USADO;4
Modem Huawei E32724G;862600020595389;USADO;4
Modem Huawei E32724G;862600020618595;USADO;4
Modem Huawei E32724G;862600020593186;USADO;4
Modem Huawei E32724G;862600020618629;USADO;4
Modem Huawei E32724G;862600020618231;USADO;4
Modem Huawei E32724G;862600020618512;USADO;4
Modem Huawei E32724G;862600020619205;USADO;4
Modem Huawei E32724G;862600020619213;USADO;4
Modem Huawei E32724G;862600020595447;USADO;4
Modem Huawei E32724G;862600020593814;USADO;4
Modem Huawei E32724G;862600020618645;USADO;4
Modem Huawei E32724G;862600020619171;USADO;4
Modem Huawei E32724G;862600020593889;USADO;4
Modem Huawei E32724G;862600020596262;USADO;4
Modem Huawei E32724G;862600020621524;USADO;4
Modem Huawei E32724G;862600020602870;USADO;4
Modem Huawei E32724G;862600020620369;USADO;4
Modem Huawei E32724G;862600020596163;USADO;4
Modem Huawei E32724G;862600020622944;USADO;4
Modem Huawei E32724G;862600020596247;USADO;4
Modem Huawei E32724G;862600020621433;USADO;4
Modem Huawei E32724G;862600020602896;USADO;4
Modem Huawei E32724G;862600020621854;USADO;4
Modem Huawei E32724G;862600020621631;USADO;4
Modem Huawei E32724G;862600020620393;USADO;4
Modem Huawei E32724G;862600020620328;USADO;4
Modem Huawei E32724G;862600020621227;USADO;4
Modem Huawei E32724G;862600020620435;USADO;4
Modem Huawei E32724G;862600020621268;USADO;4
Modem Huawei E32724G;862600020620492;USADO;4
Modem Huawei E32724G;862600020596254;USADO;4
Modem Huawei E32724G;862600020620377;USADO;4
Modem Huawei E32724G;862600020621235;USADO;4
Modem Huawei E32724G;862600020625509;USADO;4
Modem Huawei E32724G;862600020602979;USADO;4
Modem Huawei E32724G;862600020622886;USADO;4
Modem Huawei E32724G;862600020625574;USADO;4
Modem Huawei E32724G;862600020622811;USADO;4
Modem Huawei E32724G;862600020623611;USADO;4
Modem Huawei E32724G;862600020623199;USADO;4
Modem Huawei E32724G;862600020622639;USADO;4
Modem Huawei E32724G;862600020622852;USADO;4
Modem Huawei E32724G;862600020602995;USADO;4
Modem Huawei E32724G;862600020596312;USADO;4
Modem Huawei E32724G;862600020596445;USADO;4
Modem Huawei E32724G;862600020596379;USADO;4
Modem Huawei E32724G;862600020621359;USADO;4
Modem Huawei E32724G;862600020596452;USADO;4
Modem Huawei E32724G;862600020596544;USADO;4
Modem Huawei E32724G;862600020597641;USADO;4
Modem Huawei E32724G;862600020620336;USADO;4
Modem Huawei E32724G;862600020596460;USADO;4
Modem Huawei E32724G;862600020621482;USADO;4
Modem Huawei E32724G;862600020597054;USADO;4
Modem Huawei E32724G;862600020596320;USADO;4
Modem Huawei E32724G;862600020603134;USADO;4
Modem Huawei E32724G;862600020622829;USADO;4
Modem Huawei E32724G;862600020596353;USADO;4
Modem Huawei E32724G;862600020623033;USADO;4
Modem Huawei E32724G;862600020621573;USADO;4
Modem Huawei E32724G;862600020596403;USADO;4
Modem Huawei E32724G;862600020596395;USADO;4
Modem Huawei E32724G;862600020596619;USADO;4
Modem Huawei E32724G;862600020594481;USADO;4
Modem Huawei E32724G;862600020619379;USADO;4
Modem Huawei E32724G;862600020592600;USADO;4
Modem Huawei E32724G;862600020619643;USADO;4
Modem Huawei E32724G;862600020594127;USADO;4
Modem Huawei E32724G;862600020619601;USADO;4
Modem Huawei E32724G;862600020594556;USADO;4
Modem Huawei E32724G;862600020619650;USADO;4
Modem Huawei E32724G;862600020618280;USADO;4
Modem Huawei E32724G;862600020619619;USADO;4
Modem Huawei E32724G;862600020594838;USADO;4
Modem Huawei E32724G;862600020594366;USADO;4
Modem Huawei E32724G;862600020594986;USADO;4
Modem Huawei E32724G;862600020593137;USADO;4
Modem Huawei E32724G;862600020594309;USADO;4
Modem Huawei E32724G;862600020594853;USADO;4
Modem Huawei E32724G;862600020592428;USADO;4
Modem Huawei E32724G;862600020592386;USADO;4
Modem Huawei E32724G;862600020594341;USADO;4
Modem Huawei E32724G;862600020594887;USADO;4
Modem Huawei E32724G;862600020619635;USADO;4
Modem Huawei E32724G;862600020594911;USADO;4
Modem Huawei E32724G;862600020618249;USADO;4
Modem Huawei E32724G;862600020619569;USADO;4
Modem Huawei E32724G;862600020619155;USADO;4
Modem Huawei E32724G;862600020594952;USADO;4
Modem Huawei E32724G;862600020618520;USADO;4
Modem Huawei E32724G;862600020594390;USADO;4
Modem Huawei E32724G;862600020619080;USADO;4
Modem Huawei E32724G;862600020593285;USADO;4
Modem Huawei E32724G;862600020594929;USADO;4
Modem Huawei E32724G;862600020594994;USADO;4
Modem Huawei E32724G;862600020618421;USADO;4
Modem Huawei E32724G;862600020619577;USADO;4
Modem Huawei E32724G;862600020594937;USADO;4
Modem Huawei E32724G;862600020595009;USADO;4
Modem Huawei E32724G;862600020619718;USADO;4
Modem Huawei E32724G;862600020619692;USADO;4
Modem Huawei E32724G;862600020619148;USADO;4
Modem Huawei E32724G;862600020616896;USADO;4
Modem Huawei E32724G;862600020618637;USADO;4
Modem Huawei E32724G;862600020618439;USADO;4
Modem Huawei E32724G;862600020594861;USADO;4
Modem Huawei E32724G;862600020595074;USADO;4
Modem Huawei E32724G;862600020619452;USADO;4
Modem Huawei E32724G;862600020618488;USADO;4
Modem Huawei E32724G;862600020619270;USADO;4
Modem Huawei E32724G;862600020594945;USADO;4
Modem Huawei E32724G;862600020619700;USADO;4
Modem Huawei E32724G;862600020594259;USADO;4
Modem Huawei E32724G;862600020595611;USADO;4
Modem Huawei E32724G;862600020603225;USADO;4
Modem Huawei E32724G;862600020619726;USADO;4
Modem Huawei E32724G;862600020595637;USADO;4
Modem Huawei E32724G;862600020596346;USADO;4
Modem Huawei E32724G;862600020621557;USADO;4
Modem Huawei E32724G;862600020596486;USADO;4
Modem Huawei E32724G;862600020602839;USADO;4
Modem Huawei E32724G;862600020606491;USADO;4
Modem Huawei E32724G;862600020595678;USADO;4
Modem Huawei E32724G;862600020621961;USADO;4
Modem Huawei E32724G;862600020621474;USADO;4
Modem Huawei E32724G;862600020621615;USADO;4
Modem Huawei E32724G;862600020636878;USADO;4
Modem Huawei E32724G;862600020595777;USADO;4
Modem Huawei E32724G;862600020595793;USADO;4
Modem Huawei E32724G;862600020595751;USADO;4
Modem Huawei E32724G;862600020621813;USADO;4
Modem Huawei E32724G;862600020622241;USADO;4
Modem Huawei E32724G;862600020621938;USADO;4
Modem Huawei E32724G;862600020620542;USADO;4
Modem Huawei E32724G;862600020619999;USADO;4
Modem Huawei E32724G;862600020595686;USADO;4
Modem Huawei E32724G;862600020620047;USADO;4
Modem Huawei E32724G;862600020620013;USADO;4
Modem Huawei E32724G;862600020622290;USADO;4
Modem Huawei E32724G;862600020595587;USADO;4
Modem Huawei E32724G;862600020595579;USADO;4
Modem Huawei E32724G;862600020595975;USADO;4
Modem Huawei E32724G;862600020595918;USADO;4
Modem Huawei E32724G;862600020622308;USADO;4
Modem Huawei E32724G;862600020596171;USADO;4
Modem Huawei E32724G;862600020621284;USADO;4
Modem Huawei E32724G;862600020595603;USADO;4
Modem Huawei E32724G;862600020596015;USADO;4
Modem Huawei E32724G;862600020595900;USADO;4
Modem Huawei E32724G;862600020595959;USADO;4
Modem Huawei E32724G;862600020621011;USADO;4
Modem Huawei E32724G;862600020595892;USADO;4
Modem Huawei E32724G;862600020595595;USADO;4
Modem Huawei E32724G;862600020595835;USADO;4
Modem Huawei E32724G;862600020595926;USADO;4
Modem Huawei E32724G;862600020595801;USADO;4
Modem Huawei E32724G;862600020596221;USADO;4
Modem Huawei E32724G;862600020596023;USADO;4
Modem Huawei E32724G;862600020621037;USADO;4
Modem Huawei E32724G;862600020595942;USADO;4
Modem Huawei E32724G;862600020595991;USADO;4
Modem Huawei E32724G;862600020595967;USADO;4
Modem Huawei E32724G;862600020595934;USADO;4
Modem Huawei E32724G;862600020622316;USADO;4
Modem Huawei E32724G;862600020228528;USADO;4
Modem Huawei E32724G;862600020285395;USADO;4
Modem Huawei E32724G;862600020287268;USADO;4
Modem Huawei E32724G;862600020228569;USADO;4
Modem Huawei E32724G;862600020228486;USADO;4
Modem Huawei E32724G;862600020256768;USADO;4
Modem Huawei E32724G;862600020285387;USADO;4
Modem Huawei E32724G;862600020257907;USADO;4
Modem Huawei E32724G;862600020300913;USADO;4
Modem Huawei E32724G;862600020285411;USADO;4
Modem Huawei E32724G;862600020271684;USADO;4
Modem Huawei E32724G;862600020256776;USADO;4
Modem Huawei E32724G;862600020228809;USADO;4
Modem Huawei E32724G;862600020286567;USADO;4
Modem Huawei E32724G;862600020286526;USADO;4
Modem Huawei E32724G;862600020258178;USADO;4
Modem Huawei E32724G;862600020228742;USADO;4
Modem Huawei E32724G;862600020257865;USADO;4
Modem Huawei E32724G;862600020228635;USADO;4
Modem Huawei E32724G;862600020228494;USADO;4
Modem Huawei E32724G;862600020285304;USADO;4
Modem Huawei E32724G;862600020286930;USADO;4
Modem Huawei E32724G;862600020257352;USADO;4
Modem Huawei E32724G;862600020594325;USADO;4
Modem Huawei E32724G;862600020285429;USADO;4
Modem Huawei E32724G;862600020228643;USADO;4
Modem Huawei E32724G;862600020228619;USADO;4
Modem Huawei E32724G;862600020257113;USADO;4
Modem Huawei E32724G;862600020285437;USADO;4
Modem Huawei E32724G;862600020257345;USADO;4
Modem Huawei E32724G;862600020301127;USADO;4
Modem Huawei E32724G;862600020214817;USADO;4
Modem Huawei E32724G;862600020301713;USADO;4
Modem Huawei E32724G;862600020301119;USADO;4
Modem Huawei E32724G;862600020300772;USADO;4
Modem Huawei E32724G;862600020300806;USADO;4
Modem Huawei E32724G;862600020286948;USADO;4
Modem Huawei E32724G;862600020257469;USADO;4
Modem Huawei E32724G;862600020301697;USADO;4
Modem Huawei E32724G;862600020243519;USADO;4
Modem Huawei E32724G;862600020623413;USADO;4
Modem Huawei E32724G;862600020625251;USADO;4
Modem Huawei E32724G;862600020625533;USADO;4
Modem Huawei E32724G;862600020635433;USADO;4
Modem Huawei E32724G;862600020624130;USADO;4
Modem Huawei E32724G;862600020625814;USADO;4
Modem Huawei E32724G;862600020624882;USADO;4
Modem Huawei E32724G;862600020624270;USADO;4
Modem Huawei E32724G;862600020625954;USADO;4
Modem Huawei E32724G;862600020624809;USADO;4
Modem Huawei E32724G;862600020257808;USADO;4
Modem Huawei E32724G;862600020228650;USADO;4
Modem Huawei E32724G;862600020214783;USADO;4
Modem Huawei E32724G;862600020286963;USADO;4
Modem Huawei E32724G;862600020285403;USADO;4
Modem Huawei E32724G;862600020228593;USADO;4
Modem Huawei E32724G;862600020285361;USADO;4
Modem Huawei E32724G;862600020228726;USADO;4
Modem Huawei E32724G;862600020257881;USADO;4
Modem Huawei E32724G;862600020285379;USADO;4
Modem Huawei E32724G;862600020258251;USADO;4
Modem Huawei E32724G;862600020258293;USADO;4
Modem Huawei E32724G;862600020301507;USADO;4
Modem Huawei E32724G;862600020257949;USADO;4
Modem Huawei E32724G;862600020271601;USADO;4
Modem Huawei E32724G;862600020271932;USADO;4
Modem Huawei E32724G;862600020301416;USADO;4
Modem Huawei E32724G;862600020256792;USADO;4
Modem Huawei E32724G;862600020286245;USADO;4
Modem Huawei E32724G;862600020256834;USADO;4
Modem Huawei E32724G;862600020256735;USADO;4
Modem Huawei E32724G;862600020301291;USADO;4
Modem Huawei E32724G;862600020286732;USADO;4
Modem Huawei E32724G;862600020301465;USADO;4
Modem Huawei E32724G;862600020270751;USADO;4
Modem Huawei E32724G;862600020285593;USADO;4
Modem Huawei E32724G;862600020271577;USADO;4
Modem Huawei E32724G;862600020286666;USADO;4
Modem Huawei E32724G;862600020271940;USADO;4
Modem Huawei E32724G;862600020301390;USADO;4
Modem Huawei E32724G;862600020286518;USADO;4
Modem Huawei E32724G;862600020258335;USADO;4
Modem Huawei E32724G;862600020301283;USADO;4
Modem Huawei E32724G;862600020286708;USADO;4
Modem Huawei E32724G;862600020286583;USADO;4
Modem Huawei E32724G;862600020286096;USADO;4
Modem Huawei E32724G;862600020286146;USADO;4
Modem Huawei E32724G;862600020271197;USADO;4
Modem Huawei E32724G;862600020271650;USADO;4
Modem Huawei E32724G;862600020271718;USADO;4
Modem Huawei E32724G;862600020243246;USADO;4
Modem Huawei E32724G;862600020301481;USADO;4
Modem Huawei E32724G;862600020286211;USADO;4
Modem Huawei E32724G;862600020258376;USADO;4
Modem Huawei E32724G;862600020271619;USADO;4
Modem Huawei E32724G;862600020286021;USADO;4
Modem Huawei E32724G;862600020271643;USADO;4
Modem Huawei E32724G;862600020242727;USADO;4
Modem Huawei E32724G;862600020242990;USADO;4
Modem Huawei E32724G;862600020271098;USADO;4
Modem Huawei E32724G;862600020271874;USADO;4
Modem Huawei E32724G;862600020285478;USADO;4
Modem Huawei E32724G;862600020256974;USADO;4
Modem Huawei E32724G;862600020258343;USADO;4
Modem Huawei E32724G;862600020286740;USADO;4
Modem Huawei E32724G;862600020285700;USADO;4
Modem Huawei E32724G;862600020286591;USADO;4
Modem Huawei E32724G;862600020287599;USADO;4
Modem Huawei E32724G;862600020228601;USADO;4
Modem Huawei E32724G;862600020258319;USADO;4
Modem Huawei E32724G;862600020216879;USADO;4
Modem Huawei E32724G;862600020288530;USADO;4
Modem Huawei E32724G;862600020230813;USADO;4
Modem Huawei E32724G;862600020231217;USADO;4
Modem Huawei E32724G;862600020216853;USADO;4
Modem Huawei E32724G;862600020216812;USADO;4
Modem Huawei E32724G;862600020216895;USADO;4
Modem Huawei E32724G;862600020216838;USADO;4
Modem Huawei E32724G;862600020231555;USADO;4
Modem Huawei E32724G;862600020231514;USADO;4
Modem Huawei E32724G;862600020260638;USADO;4
Modem Huawei E32724G;862600020260422;USADO;4
Modem Huawei E32724G;862600020260505;USADO;4
Modem Huawei E32724G;862600020260513;USADO;4
Modem Huawei E32724G;862600020289462;USADO;4
Modem Huawei E32724G;862600020260455;USADO;4
Modem Huawei E32724G;862600020259945;USADO;4
Modem Huawei E32724G;862600020274399;USADO;4
Modem Huawei E32724G;862600020289090;USADO;4
Modem Huawei E32724G;862600020303354;USADO;4
Modem Huawei E32724G;862600020230938;USADO;4
Modem Huawei E32724G;862600020273656;USADO;4
Modem Huawei E32724G;862600020302596;USADO;4
Modem Huawei E32724G;862600020216598;USADO;4
Modem Huawei E32724G;862600020596957;USADO;4
Modem Huawei E32724G;862600020624387;USADO;4
Modem Huawei E32724G;862600020624650;USADO;4
Modem Huawei E32724G;862600020598060;USADO;4
Modem Huawei E32724G;862600020623652;USADO;4
Modem Huawei E32724G;862600020624734;USADO;4
Modem Huawei E32724G;862600020597799;USADO;4
Modem Huawei E32724G;862600020597773;USADO;4
Modem Huawei E32724G;862600020598326;USADO;4
Modem Huawei E32724G;862600020623959;USADO;4
Modem Huawei E32724G;862600020598482;USADO;4
Modem Huawei E32724G;862600020623934;USADO;4
Modem Huawei E32724G;862600020623942;USADO;4
Modem Huawei E32724G;862600020635458;USADO;4
Modem Huawei E32724G;862600020625988;USADO;4
Modem Huawei E32724G;862600020624536;USADO;4
Modem Huawei E32724G;862600020624460;USADO;4
Modem Huawei E32724G;862600020598318;USADO;4
Modem Huawei E32724G;862600020625228;USADO;4
Modem Huawei E32724G;862600020597997;USADO;4
Modem Huawei E32724G;862600020623744;USADO;4
Modem Huawei E32724G;862600020598193;USADO;4
Modem Huawei E32724G;862600020623751;USADO;4
Modem Huawei E32724G;862600020624106;USADO;4
Modem Huawei E32724G;862600020609222;USADO;4
Modem Huawei E32724G;862600020626085;USADO;4
Modem Huawei E32724G;862600020288332;USADO;4
Modem Huawei E32724G;862600020288639;USADO;4
Modem Huawei E32724G;862600020216887;USADO;4
Modem Huawei E32724G;862600020302612;USADO;4
Modem Huawei E32724G;862600020245415;USADO;4
Modem Huawei E32724G;862600020230888;USADO;4
Modem Huawei E32724G;862600020273847;USADO;4
Modem Huawei E32724G;862600020273664;USADO;4
Modem Huawei E32724G;862600020273797;USADO;4
Modem Huawei E32724G;862600020273854;USADO;4
Modem Huawei E32724G;862600020273805;USADO;4
Modem Huawei E32724G;862600020288647;USADO;4
Modem Huawei E32724G;862600020289470;USADO;4
Modem Huawei E32724G;862600020289231;USADO;4
Modem Huawei E32724G;862600020260430;USADO;4
Modem Huawei E32724G;862600020273813;USADO;4
Modem Huawei E32724G;862600020260687;USADO;4
Modem Huawei E32724G;862600020231134;USADO;4
Modem Huawei E32724G;862600020289546;USADO;4
Modem Huawei E32724G;862600020303925;USADO;4
Modem Huawei E32724G;862600020289504;USADO;4
Modem Huawei E32724G;862600020303404;USADO;4
Modem Huawei E32724G;862600020231498;USADO;4
Modem Huawei E32724G;862600020231522;USADO;4
Modem Huawei E32724G;862600020302646;USADO;4
Modem Huawei E32724G;862600020259655;USADO;4
Modem Huawei E32724G;862600020596296;USADO;4
Modem Huawei E32724G;862600020615146;USADO;4
Modem Huawei E32724G;862600020615120;USADO;4
Modem Huawei E32724G;862600020594416;USADO;4
Modem Huawei E32724G;862600020617100;USADO;4
Modem Huawei E32724G;862600020616888;USADO;4
Modem Huawei E32724G;862600020617118;USADO;4
Modem Huawei E32724G;862600020617159;USADO;4
Modem Huawei E32724G;862600020592642;USADO;4
Modem Huawei E32724G;862600020592626;USADO;4
Modem Huawei E32724G;862600020592675;USADO;4
Modem Huawei E32724G;862600020623249;USADO;4
Modem Huawei E32724G;862600020597302;USADO;4
Modem Huawei E32724G;862600020626150;USADO;4
Modem Huawei E32724G;862600020597237;USADO;4
Modem Huawei E32724G;862600020597161;USADO;4
Modem Huawei E32724G;862600020626069;USADO;4
Modem Huawei E32724G;862600020609487;USADO;4
Modem Huawei E32724G;862600020623140;USADO;4
Modem Huawei E32724G;862600020620229;USADO;4
Modem Huawei E32724G;862600020597385;USADO;4
Modem Huawei E32724G;862600020619387;USADO;4
Modem Huawei E32724G;862600020594234;USADO;4
Modem Huawei E32724G;862600020619494;USADO;4
Modem Huawei E32724G;862600020594531;USADO;4
Modem Huawei E32724G;862600020592659;USADO;4
Modem Huawei E32724G;862600020619544;USADO;4
Modem Huawei E32724G;862600020592527;USADO;4
Modem Huawei E32724G;862600020594101;USADO;4
Modem Huawei E32724G;862600020592865;USADO;4
Modem Huawei E32724G;862600020619429;USADO;4
Modem Huawei E32724G;862600020615153;USADO;4
Modem Huawei E32724G;862600020592766;USADO;4
Modem Huawei E32724G;862600020614909;USADO;4
Modem Huawei E32724G;862600020615039;USADO;4
Modem Huawei E32724G;862600020614842;USADO;4
Modem Huawei E32724G;862600020592741;USADO;4
Modem Huawei E32724G;862600020592758;USADO;4
Modem Huawei E32724G;862600020617092;USADO;4
Modem Huawei E32724G;862600020616987;USADO;4
Modem Huawei E32724G;862600020594424;USADO;4
Modem Huawei E32724G;862600020617019;USADO;4
Modem Huawei E32724G;862600020594150;USADO;4
Modem Huawei E32724G;862600020594218;USADO;4
Modem Huawei E32724G;862600020594184;USADO;4
Modem Huawei E32724G;862600020592501;USADO;4
Modem Huawei E32724G;862600020616979;USADO;4
Modem Huawei E32724G;862600020594622;USADO;4
Modem Huawei E32724G;862600020616607;USADO;4
Modem Huawei E32724G;862600020592717;USADO;4
Modem Huawei E32724G;862600020594176;USADO;4
Modem Huawei E32724G;862600020624528;USADO;4
Modem Huawei E32724G;862600020598474;USADO;4
Modem Huawei E32724G;862600020598342;USADO;4
Modem Huawei E32724G;862600020623405;USADO;4
Modem Huawei E32724G;862600020599209;USADO;4
Modem Huawei E32724G;862600020626432;USADO;4
Modem Huawei E32724G;862600020603365;USADO;4
Modem Huawei E32724G;862600020599191;USADO;4
Modem Huawei E32724G;862600020626358;USADO;4
Modem Huawei E32724G;862600020599084;USADO;4
Modem Huawei E32724G;862600020598367;USADO;4
Modem Huawei E32724G;862600020624205;USADO;4
Modem Huawei E32724G;862600020624197;USADO;4
Modem Huawei E32724G;862600020623439;USADO;4
Modem Huawei E32724G;862600020624478;USADO;4
Modem Huawei E32724G;862600020598458;USADO;4
Modem Huawei E32724G;862600020623520;USADO;4
Modem Huawei E32724G;862600020598334;USADO;4
Modem Huawei E32724G;862600020599258;USADO;4
Modem Huawei E32724G;862600020623470;USADO;4
Modem Huawei E32724G;862600020624569;USADO;4
Modem Huawei E32724G;862600020623538;USADO;4
Modem Huawei E32724G;862600020624510;USADO;4
Modem Huawei E32724G;862600020598441;USADO;4
Modem Huawei E32724G;862600020624221;USADO;4
Modem Huawei E32724G;862600020623595;USADO;4
Modem Huawei E32724G;862600020623496;USADO;4
Modem Huawei E32724G;862600020624049;USADO;4
Modem Huawei E32724G;862600020598409;USADO;4
Modem Huawei E32724G;862600020623421;USADO;4
Modem Huawei E32724G;862600020603761;USADO;4
Modem Huawei E32724G;862600020626184;USADO;4
Modem Huawei E32724G;862600020626291;USADO;4
Modem Huawei E32724G;862600020626564;USADO;4
Modem Huawei E32724G;862600020603886;USADO;4
Modem Huawei E32724G;862600020626507;USADO;4
Modem Huawei E32724G;862600020626333;USADO;4
Modem Huawei E32724G;862600020603688;USADO;4
Modem Huawei E32724G;862600020626390;USADO;4
Modem Huawei E32724G;862600020626317;USADO;4
Modem Huawei E32724G;862600020623975;USADO;4
Modem Huawei E32724G;862600020623876;USADO;4
Modem Huawei E32724G;862600020624114;USADO;4
Modem Huawei E32724G;862600020623686;USADO;4
Modem Huawei E32724G;862600020623892;USADO;4
Modem Huawei E32724G;862600020598391;USADO;4
Modem Huawei E32724G;862600020623926;USADO;4
Modem Huawei E32724G;862600020623801;USADO;4
Modem Huawei E32724G;862600020623736;USADO;4
Modem Huawei E32724G;862600020626523;USADO;4
Modem Huawei E32724G;862600020624775;USADO;4
Modem Huawei E32724G;862600020624627;USADO;4
Modem Huawei E32724G;862600020596767;USADO;4
Modem Huawei E32724G;862600020626093;USADO;4
Modem Huawei E32724G;862600020626135;USADO;4
Modem Huawei E32724G;862600020625848;USADO;4
Modem Huawei E32724G;862600020626168;USADO;4
Modem Huawei E32724G;862600020596643;USADO;4
Modem Huawei E32724G;862600020609149;USADO;4
Modem Huawei E32724G;862600020626143;USADO;4
Modem Huawei E32724G;862600020623173;USADO;4
Modem Huawei E32724G;862600020597351;USADO;4
Modem Huawei E32724G;862600020597419;USADO;4
Modem Huawei E32724G;862600020597138;USADO;4
Modem Huawei E32724G;862600020597153;USADO;4
Modem Huawei E32724G;862600020625855;USADO;4
Modem Huawei E32724G;862600020623231;USADO;4
Modem Huawei E32724G;862600020597435;USADO;4
Modem Huawei E32724G;862600020626010;USADO;4
Modem Huawei E32724G;862600020597179;USADO;4
Modem Huawei E32724G;862600020596866;USADO;4
Modem Huawei E32724G;862600020597286;USADO;4
Modem Huawei E32724G;862600020597195;USADO;4
Modem Huawei E32724G;862600020625889;USADO;4
Modem Huawei E32724G;862600020596833;USADO;4
Modem Huawei E32724G;862600020625970;USADO;4
Modem Huawei E32724G;862600020622159;USADO;4
Modem Huawei E32724G;862600020620278;USADO;4
Modem Huawei E32724G;862600020596726;USADO;4
Modem Huawei E32724G;862600020596932;USADO;4
Modem Huawei E32724G;862600020622019;USADO;4
Modem Huawei E32724G;862600020622043;USADO;4
Modem Huawei E32724G;862600020624643;USADO;4
Modem Huawei E32724G;862600020596569;USADO;4
Modem Huawei E32724G;862600020597278;USADO;4
Modem Huawei E32724G;862600020596494;USADO;4
Modem Huawei E32724G;862600020620237;USADO;4
Modem Huawei E32724G;862600020622035;USADO;4
Modem Huawei E32724G;862600020624585;USADO;4
Modem Huawei E32724G;862600020622118;USADO;4
Modem Huawei E32724G;862600020596338;USADO;4
Modem Huawei E32724G;862600020621581;USADO;4
Modem Huawei E32724G;862600020623819;USADO;4
Modem Huawei E32724G;862600020622910;USADO;4
Modem Huawei E32724G;862600020597930;USADO;4
Modem Huawei E32724G;862600020625475;USADO;4
Modem Huawei E32724G;862600020597971;USADO;4
Modem Huawei E32724G;862600020597633;USADO;4
Modem Huawei E32724G;862600020603282;USADO;4
Modem Huawei E32724G;862600020597674;USADO;4