serial;numero;estado;tipo_item_id;modelo
89551173335000550852;71999134347;USADO;3;Chip 4G Modem
89551173335000550860;71999129472;USADO;3;Chip 4G Modem
89551173335000550878;71999107960;USADO;3;Chip 4G Modem
89551173335000550886;71999105744;USADO;3;Chip 4G Modem
89551173335000550894;71999094323;USADO;3;Chip 4G Modem
89551173335000550902;71999087732;USADO;3;Chip 4G Modem
89551173335000550910;71999073140;USADO;3;Chip 4G Modem
89551173335000550928;71999065688;USADO;3;Chip 4G Modem
89551173335000550936;71999046845;USADO;3;Chip 4G Modem
89551173335000550944;71999040598;USADO;3;Chip 4G Modem
89551173335000550951;71999023435;USADO;3;Chip 4G Modem
89551173335000550969;71999022916;USADO;3;Chip 4G Modem
89551173335000550977;71999016475;USADO;3;Chip 4G Modem
89551173335000550985;71999014507;USADO;3;Chip 4G Modem
89551173335000550993;71999012553;USADO;3;Chip 4G Modem
89551173335000551009;71999009123;USADO;3;Chip 4G Modem
89551173335000551017;71999008226;USADO;3;Chip 4G Modem
89551173335000551025;71999004398;USADO;3;Chip 4G Modem
89551173335000551033;71999004112;USADO;3;Chip 4G Modem
89551173335000551041;71997409151;USADO;3;Chip 4G Modem
89551173335000557055;71997064679;USADO;3;Chip 4G Modem
89551173335000557063;71997061306;USADO;3;Chip 4G Modem
89551173335000557071;71997050579;USADO;3;Chip 4G Modem
89551173335000557089;71997035126;USADO;3;Chip 4G Modem
89551173335000557097;71997018294;USADO;3;Chip 4G Modem
89551173335000557105;71997014435;USADO;3;Chip 4G Modem
89551173335000557113;71997012741;USADO;3;Chip 4G Modem
89551173335000557121;71997004819;USADO;3;Chip 4G Modem
89551173335000557139;71996999278;USADO;3;Chip 4G Modem
89551173335000557147;71996995443;USADO;3;Chip 4G Modem
89551173335000557154;71996994568;USADO;3;Chip 4G Modem
89551173335000557162;71996993837;USADO;3;Chip 4G Modem
89551173335000557170;71996990534;USADO;3;Chip 4G Modem
89551173335000557188;71996987732;USADO;3;Chip 4G Modem
89551173335000557196;71996979907;USADO;3;Chip 4G Modem
89551173335000557204;71996979431;USADO;3;Chip 4G Modem
89551173335000557212;71996975724;USADO;3;Chip 4G Modem
89551173335000557220;71996975520;USADO;3;Chip 4G Modem
89551173335000557238;71996975514;USADO;3;Chip 4G Modem
89551173335000551298;71997107514;USADO;3;Chip 4G Modem
89551173335000551280;71997139522;USADO;3;Chip 4G Modem
89551173335000551272;71997158872;USADO;3;Chip 4G Modem
89551173335000551264;71997169569;USADO;3;Chip 4G Modem
89551170139003099310;71997172219;USADO;3;Chip 4G Modem
89551173335000551447;71997179448;USADO;3;Chip 4G Modem
89551173335000551439;71997180165;USADO;3;Chip 4G Modem
89551173335000551421;71997180570;USADO;3;Chip 4G Modem
89551173335000551363;71997307184;USADO;3;Chip 4G Modem
89551173335000551371;71997270884;USADO;3;Chip 4G Modem
89551173335000551389;71997245231;USADO;3;Chip 4G Modem
89551173335000551397;71997238711;USADO;3;Chip 4G Modem
89551173335000551405;71997213031;USADO;3;Chip 4G Modem
89551173335000551413;71997187508;USADO;3;Chip 4G Modem
89551173335000557246;71996975389;USADO;3;Chip 4G Modem
89551173335000557279;71996964210;USADO;3;Chip 4G Modem
89551173335000557261;71996965474;USADO;3;Chip 4G Modem
89551173335000557253;71996972259;USADO;3;Chip 4G Modem
89551173335000557287;71996959013;USADO;3;Chip 4G Modem
89551173335000557295;71996958567;USADO;3;Chip 4G Modem
89551173335000557303;71996957318;USADO;3;Chip 4G Modem
89551173335000557311;71996955913;USADO;3;Chip 4G Modem
89551173335000557329;71996955648;USADO;3;Chip 4G Modem
89551173335000557337;71996951879;USADO;3;Chip 4G Modem
89551173335000556651;71999399932;USADO;3;Chip 4G Modem
89551173335000557352;71996948378;USADO;3;Chip 4G Modem
89551173335000556669;71999384739;USADO;3;Chip 4G Modem
89551173335000557378;71996945916;USADO;3;Chip 4G Modem
89551173335000557386;71996940502;USADO;3;Chip 4G Modem
89551173335000557394;71996940401;USADO;3;Chip 4G Modem
89551173335000557402;71996937666;USADO;3;Chip 4G Modem
89551173335000557410;71996934507;USADO;3;Chip 4G Modem
89551173335000557428;71996927790;USADO;3;Chip 4G Modem
89551173335000557436;71996926998;USADO;3;Chip 4G Modem
89551173335000551355;71997392537;USADO;3;Chip 4G Modem
89551173335000557444;71996923450;USADO;3;Chip 4G Modem
89551173335000556834;71999265822;USADO;3;Chip 4G Modem
89551173335000551306;71997102967;USADO;3;Chip 4G Modem
89551173335000556842;71999257911;USADO;3;Chip 4G Modem
89551173335000556685;71999368337;USADO;3;Chip 4G Modem
89551173335000556677;71999371476;USADO;3;Chip 4G Modem
89551173335000556792;71999291754;USADO;3;Chip 4G Modem
89551173335000556776;71999295339;USADO;3;Chip 4G Modem
89551173335000556768;71999295900;USADO;3;Chip 4G Modem
89551173335000556743;71999324515;USADO;3;Chip 4G Modem
89551173335000556750;71999136422;USADO;3;Chip 4G Modem
89551173335000556784;71999293099;USADO;3;Chip 4G Modem
89551173335000555687;71999865292;USADO;3;Chip 4G Modem
89551173335000556735;71999328511;USADO;3;Chip 4G Modem
89551173335000556727;71999348497;USADO;3;Chip 4G Modem
89551173335000556719;71999352757;USADO;3;Chip 4G Modem
89551173335000556826;71999268249;USADO;3;Chip 4G Modem
89551173335000556819;71999288197;USADO;3;Chip 4G Modem
89551173335000556800;71999288405;USADO;3;Chip 4G Modem
89551173335000555745;71999813557;USADO;3;Chip 4G Modem
89551173335000555737;71999819284;USADO;3;Chip 4G Modem
89551173335000555729;71999828251;USADO;3;Chip 4G Modem
89551173335000555711;71999836263;USADO;3;Chip 4G Modem
89551173335000555703;71999843233;USADO;3;Chip 4G Modem
89551173335000555695;71999845765;USADO;3;Chip 4G Modem
89551173335000556701;71999354253;USADO;3;Chip 4G Modem
89551173335000555588;71999904519;USADO;3;Chip 4G Modem
89551173335000555604;71999897533;USADO;3;Chip 4G Modem
89551173335000555596;71999903798;USADO;3;Chip 4G Modem
89551173335000555612;71999893173;USADO;3;Chip 4G Modem
89551173335000555620;71999882763;USADO;3;Chip 4G Modem
89551173335000555638;71999880944;USADO;3;Chip 4G Modem
89551173335000555646;71999878438;USADO;3;Chip 4G Modem
89551173335000555653;71999871876;USADO;3;Chip 4G Modem
89551173335000555661;71999867293;USADO;3;Chip 4G Modem
89551173335000555679;71999866991;USADO;3;Chip 4G Modem
89551173335000555794;71999766529;USADO;3;Chip 4G Modem
89551173335000555802;71999764447;USADO;3;Chip 4G Modem
89551173335000555810;71999763950;USADO;3;Chip 4G Modem
89551173335000555828;71999761019;USADO;3;Chip 4G Modem
89551173335000555836;71999760549;USADO;3;Chip 4G Modem
89551173335000555844;71999756847;USADO;3;Chip 4G Modem
89551173335000550498;71999575440;USADO;3;Chip 4G Modem
89551173335000550506;71999564983;USADO;3;Chip 4G Modem
89551173335000550480;71999582674;USADO;3;Chip 4G Modem
89551173335000550472;71999583526;USADO;3;Chip 4G Modem
89551173335000555562;71999906956;USADO;3;Chip 4G Modem
89551173335000555554;71999937470;USADO;3;Chip 4G Modem
89551173335000555570;71999906843;USADO;3;Chip 4G Modem
89551173335000555752;71999787424;USADO;3;Chip 4G Modem
89551173335000555760;71999787244;USADO;3;Chip 4G Modem
89551173335000555778;71999784116;USADO;3;Chip 4G Modem
89551173335000555786;71999766871;USADO;3;Chip 4G Modem
89551173335000555851;71999755327;USADO;3;Chip 4G Modem
89551173335000555869;71999742216;USADO;3;Chip 4G Modem
89551173335000555877;71999740688;USADO;3;Chip 4G Modem
89551173335000555885;71999740347;USADO;3;Chip 4G Modem
89551173335000555893;71999736259;USADO;3;Chip 4G Modem
89551173335000555901;71999732847;USADO;3;Chip 4G Modem
89551173335000555919;71999701077;USADO;3;Chip 4G Modem
89551173335000555927;71999688079;USADO;3;Chip 4G Modem
89551173335000555935;71999683754;USADO;3;Chip 4G Modem
89551173335000550464;71999584108;USADO;3;Chip 4G Modem
89551173335000550456;71999585277;USADO;3;Chip 4G Modem
89551173335000550514;71999564387;USADO;3;Chip 4G Modem
89551173335000555943;71999683268;USADO;3;Chip 4G Modem
89551173335000556941;71999443425;USADO;3;Chip 4G Modem
89551173335000556966;71999435256;USADO;3;Chip 4G Modem
89551173335000556974;71999433216;USADO;3;Chip 4G Modem
89551173335000556982;71999426964;USADO;3;Chip 4G Modem
89551173335000556990;71999424179;USADO;3;Chip 4G Modem
89551117335000557006;71999423986;USADO;3;Chip 4G Modem
89551173335000557014;71999417382;USADO;3;Chip 4G Modem
89551173335000557022;71999412291;USADO;3;Chip 4G Modem
89551173335000557048;71999401450;USADO;3;Chip 4G Modem
89551173335000557030;71999407439;USADO;3;Chip 4G Modem
89551173335000556891;71999468154;USADO;3;Chip 4G Modem
89551173335000556933;71999449860;USADO;3;Chip 4G Modem
89551173335000556883;71999475831;USADO;3;Chip 4G Modem
89551173335000556875;71999476449;USADO;3;Chip 4G Modem
89551173335000556925;71999451532;USADO;3;Chip 4G Modem
89551173335000556867;71999480592;USADO;3;Chip 4G Modem
89551173335000556917;71999453904;USADO;3;Chip 4G Modem
89551173335000556909;71999463317;USADO;3;Chip 4G Modem
89551173335000556859;71999484497;USADO;3;Chip 4G Modem
89551173335000556958;71999437846;USADO;3;Chip 4G Modem
89551173335000550613;71999496734;USADO;3;Chip 4G Modem
89551173335000550639;71999488606;USADO;3;Chip 4G Modem
89551173335000550597;71999513778;USADO;3;Chip 4G Modem
89551173335000550530;71999545608;USADO;3;Chip 4G Modem
89551173335000550605;71999513404;USADO;3;Chip 4G Modem
89551173335000550548;71999537625;USADO;3;Chip 4G Modem
89551173335000550563;71999533980;USADO;3;Chip 4G Modem
89551173335000550571;71999518570;USADO;3;Chip 4G Modem
89551173335000550589;71999517367;USADO;3;Chip 4G Modem
89551173335000550621;71999493162;USADO;3;Chip 4G Modem
89551173335000557741;71999725029;USADO;3;Chip 4G Modem
89551173335000558335;71999722873;USADO;3;Chip 4G Modem
89551173335000558343;71999722321;USADO;3;Chip 4G Modem
89551173335000558327;71999729455;USADO;3;Chip 4G Modem
89551173335000557733;71999729051;USADO;3;Chip 4G Modem
89551173335000555455;71999985270;USADO;3;Chip 4G Modem
89551173335000550845;71999586326;USADO;3;Chip 4G Modem
89551173335000550647;71999484568;USADO;3;Chip 4G Modem
89551173335000558178;71999770905;USADO;3;Chip 4G Modem
89551173335000558301;71999738309;USADO;3;Chip 4G Modem
89551173335000558319;71999735936;USADO;3;Chip 4G Modem
89551173335000558186;71999767119;USADO;3;Chip 4G Modem
89551173335000550555;71999534997;USADO;3;Chip 4G Modem
89551173335000555463;71999984732;USADO;3;Chip 4G Modem
89551173335000555489;71999967709;USADO;3;Chip 4G Modem
89551173335000555505;71999954818;USADO;3;Chip 4G Modem
89551173335000555521;71999941871;USADO;3;Chip 4G Modem
89551173335000555539;71999939890;USADO;3;Chip 4G Modem
89551173335000555513;71999944640;USADO;3;Chip 4G Modem
89551173335000555497;71999966219;USADO;3;Chip 4G Modem
89551173335000555471;71999969536;USADO;3;Chip 4G Modem
89551173335000550522;71999555027;USADO;3;Chip 4G Modem
89551173335000550795;71999608421;USADO;3;Chip 4G Modem
89551173335000550837;71999587546;USADO;3;Chip 4G Modem
89551173335000555547;71999939368;USADO;3;Chip 4G Modem
89551173335000550654;71999681464;USADO;3;Chip 4G Modem
89551173335000550761;71999625914;USADO;3;Chip 4G Modem
89551173335000550829;71999597578;USADO;3;Chip 4G Modem
89551173335000550811;71999600998;USADO;3;Chip 4G Modem
89551173335000550803;71999601178;USADO;3;Chip 4G Modem
89551173335000550779;71999621370;USADO;3;Chip 4G Modem
89551173335000550787;71999617217;USADO;3;Chip 4G Modem
89551173335000550662;71999677165;USADO;3;Chip 4G Modem
89551173335000550670;71999671908;USADO;3;Chip 4G Modem
89551173335000550704;71999656120;USADO;3;Chip 4G Modem
89551173335000550738;71999643969;USADO;3;Chip 4G Modem
89551173335000550746;71999629229;USADO;3;Chip 4G Modem
89551173335000550720;71999645859;USADO;3;Chip 4G Modem
89551173335000550712;71999647769;USADO;3;Chip 4G Modem
89551173335000550696;71999663258;USADO;3;Chip 4G Modem
89551173335000550753;71999626543;USADO;3;Chip 4G Modem
89551173335000550688;71999665133;USADO;3;Chip 4G Modem
89551173335000554862;71999675160;USADO;3;Chip 4G Modem
89551173335000554961;71999711232;USADO;3;Chip 4G Modem
89551173335000554987;71999706916;USADO;3;Chip 4G Modem
89551173335000554979;71999707945;USADO;3;Chip 4G Modem
89551173335000555034;71999681565;USADO;3;Chip 4G Modem
89551173335000554953;71999719087;USADO;3;Chip 4G Modem
89551173335000554854;71999677701;USADO;3;Chip 4G Modem
89551173335000555026;71999684610;USADO;3;Chip 4G Modem
89551173335000555000;71999691753;USADO;3;Chip 4G Modem
89551173335000554995;71999699517;USADO;3;Chip 4G Modem
89551173335000558194;71999766124;USADO;3;Chip 4G Modem
89551173335000555042;71999680959;USADO;3;Chip 4G Modem
89551173335000558210;71999764108;USADO;3;Chip 4G Modem
89551173335000558228;71999761641;USADO;3;Chip 4G Modem
89551173335000558244;71999756542;USADO;3;Chip 4G Modem
89551173335000558251;71999748966;USADO;3;Chip 4G Modem
89551173335000558236;71999759083;USADO;3;Chip 4G Modem
89551173335000558277;71999744844;USADO;3;Chip 4G Modem
89551173335000558269;71999746672;USADO;3;Chip 4G Modem
89551173335000558202;71999765138;USADO;3;Chip 4G Modem
89551173335000554938;71999646849;USADO;3;Chip 4G Modem
89551173335000557956;71999814983;USADO;3;Chip 4G Modem
89551173335000558293;71999738502;USADO;3;Chip 4G Modem
89551173335000557493;71999848005;USADO;3;Chip 4G Modem
89551173335000558285;71999739168;USADO;3;Chip 4G Modem
89551173335000557543;71999817758;USADO;3;Chip 4G Modem
89551173335000557964;71999813387;USADO;3;Chip 4G Modem
89551173335000554946;71999645744;USADO;3;Chip 4G Modem
89551173335000557972;71999811544;USADO;3;Chip 4G Modem
89551173335000557980;71999810776;USADO;3;Chip 4G Modem
89551173335000557519;71999836948;USADO;3;Chip 4G Modem
89551173335000557527;71999836275;USADO;3;Chip 4G Modem
89551173335000555018;71999687510;USADO;3;Chip 4G Modem
89551173335000554904;71999658998;USADO;3;Chip 4G Modem
89551173335000554920;71999650231;USADO;3;Chip 4G Modem
89551173335000554888;71999665418;USADO;3;Chip 4G Modem
89551173335000554912;71999657245;USADO;3;Chip 4G Modem
89551173335000557535;71999827406;USADO;3;Chip 4G Modem
89551173335000554896;71999665384;USADO;3;Chip 4G Modem
89551173335000557501;71999843115;USADO;3;Chip 4G Modem
89551173335000558053;71999777629;USADO;3;Chip 4G Modem
89551173335000558012;71999783544;USADO;3;Chip 4G Modem
89551173335000558004;71999791403;USADO;3;Chip 4G Modem
89551173335000558020;71999782957;USADO;3;Chip 4G Modem
89551173335000558038;71999782496;USADO;3;Chip 4G Modem
89551173335000557998;71999810476;USADO;3;Chip 4G Modem
89551173335000558046;71999782324;USADO;3;Chip 4G Modem
89551173335000558061;71999774170;USADO;3;Chip 4G Modem
89551173335000558079;71999772971;USADO;3;Chip 4G Modem
89551173335000554870;71999672008;USADO;3;Chip 4G Modem
89551173335000554797;71999629815;USADO;3;Chip 4G Modem
89551173335000554763;71999636254;USADO;3;Chip 4G Modem
89551173335000559457;71999952965;USADO;3;Chip 4G Modem
89551173335000557659;71999885882;USADO;3;Chip 4G Modem
89551173335000557667;71999882126;USADO;3;Chip 4G Modem
89551173335000559465;71999952236;USADO;3;Chip 4G Modem
89551173335000557725;71999852127;USADO;3;Chip 4G Modem
89551173335000554730;71999563798;USADO;3;Chip 4G Modem
89551173335000554789;71999633821;USADO;3;Chip 4G Modem
89551173335000554771;71999635722;USADO;3;Chip 4G Modem
89551173335000557675;71999880741;USADO;3;Chip 4G Modem
89551173335000559481;71999944169;USADO;3;Chip 4G Modem
89551173335000558087;71999932069;USADO;3;Chip 4G Modem
89551173335000558095;71999925846;USADO;3;Chip 4G Modem
89551173335000559473;71999946809;USADO;3;Chip 4G Modem
89551173335000558111;71999909816;USADO;3;Chip 4G Modem
89551173335000558129;71999909103;USADO;3;Chip 4G Modem
89551173335000554813;71999614988;USADO;3;Chip 4G Modem
89551173335000554805;71999617036;USADO;3;Chip 4G Modem
89551173335000558103;71999917023;USADO;3;Chip 4G Modem
89551173335000557485;71999849620;USADO;3;Chip 4G Modem
89551173335000554722;71999570618;USADO;3;Chip 4G Modem
89551173335000554706;71999578577;USADO;3;Chip 4G Modem
89551173335000559499;71999943630;USADO;3;Chip 4G Modem
89551173335000559531;71999934912;USADO;3;Chip 4G Modem
89551173335000559515;71999936323;USADO;3;Chip 4G Modem
89551173335000559523;71999935485;USADO;3;Chip 4G Modem
89551173335000554847;71999590737;USADO;3;Chip 4G Modem
89551173335000554839;71999594759;USADO;3;Chip 4G Modem
89551173335000554821;71999604611;USADO;3;Chip 4G Modem
89551173335000558145;71999905699;USADO;3;Chip 4G Modem
89551173335000558152;71999903631;USADO;3;Chip 4G Modem
89551173335000558160;71999902857;USADO;3;Chip 4G Modem
89551173335000554698;71999581374;USADO;3;Chip 4G Modem
89551173335000557451;71999901875;USADO;3;Chip 4G Modem
89551173335000554672;71999583987;USADO;3;Chip 4G Modem
89551173335000554714;71999576366;USADO;3;Chip 4G Modem
89551173335000559507;71999940327;USADO;3;Chip 4G Modem
89551173335000554680;71999581780;USADO;3;Chip 4G Modem
89551173335000554748;71999556974;USADO;3;Chip 4G Modem
89551173335000559549;71999932172;USADO;3;Chip 4G Modem
89551173335000554664;71999586220;USADO;3;Chip 4G Modem
89551173335000554656;71999586449;USADO;3;Chip 4G Modem
89551173335000557717;71999852781;USADO;3;Chip 4G Modem
89551173335000557469;71999899126;USADO;3;Chip 4G Modem
89551173335000557709;71999858357;USADO;3;Chip 4G Modem
89551173335000557683;71999876053;USADO;3;Chip 4G Modem
89551173335000557477;71999898055;USADO;3;Chip 4G Modem
89551173335000557691;71999868571;USADO;3;Chip 4G Modem
89551173335000558137;71999907017;USADO;3;Chip 4G Modem
89551173335000560182;71999339472;USADO;3;Chip 4G Modem
89551173335000560158;71999351682;USADO;3;Chip 4G Modem
89551173335000560166;71999347719;USADO;3;Chip 4G Modem
89551173335000560190;71999344298;USADO;3;Chip 4G Modem
89551173335000560208;71999314380;USADO;3;Chip 4G Modem
89551173335000560216;71999295447;USADO;3;Chip 4G Modem
89551173335000560224;71999268821;USADO;3;Chip 4G Modem
89551173335000560232;71999256679;USADO;3;Chip 4G Modem
89551173335000554755;71999642584;USADO;3;Chip 4G Modem
89551173335000560174;71999347076;USADO;3;Chip 4G Modem
89551173335000557550;71999432930;USADO;3;Chip 4G Modem
89551173335000560240;71999246094;USADO;3;Chip 4G Modem
89551173335000557568;71999425164;USADO;3;Chip 4G Modem
89551173335000557576;71999425009;USADO;3;Chip 4G Modem
89551173335000557584;71999409714;USADO;3;Chip 4G Modem
89551173335000557592;71999401850;USADO;3;Chip 4G Modem
89551173335000557600;71999396071;USADO;3;Chip 4G Modem
89551173335000557618;71999378237;USADO;3;Chip 4G Modem
89551173335000557626;71999375551;USADO;3;Chip 4G Modem
89551173335000557634;71999365614;USADO;3;Chip 4G Modem
89551170639002334337;71999357223;USADO;3;Chip 4G Modem
89551173335000560356;71999470208;USADO;3;Chip 4G Modem
89551173335000560364;71999458277;USADO;3;Chip 4G Modem
89551173335000560372;71999458057;USADO;3;Chip 4G Modem
89551173335000560380;71999450648;USADO;3;Chip 4G Modem
89551173335000560398;71999448193;USADO;3;Chip 4G Modem
89551173335000560448;71999434073;USADO;3;Chip 4G Modem
89551173335000560406;71999447871;USADO;3;Chip 4G Modem
89551173335000560414;71999443754;USADO;3;Chip 4G Modem
89551173335000560422;71999441078;USADO;3;Chip 4G Modem
89551173335000560430;71999440573;USADO;3;Chip 4G Modem
89551173335000554623;71999521596;USADO;3;Chip 4G Modem
89551173335000554631;71999513561;USADO;3;Chip 4G Modem
89551173335000554615;71999522565;USADO;3;Chip 4G Modem
89551173335000554649;71999512445;USADO;3;Chip 4G Modem
89551173335000554607;71999523121;USADO;3;Chip 4G Modem
89551173335000554573;71999540484;USADO;3;Chip 4G Modem
89551173335000554599;71999526513;USADO;3;Chip 4G Modem
89551173335000554565;71999547358;USADO;3;Chip 4G Modem
89551173335000554581;71999536706;USADO;3;Chip 4G Modem
89551173335000554540;71999470976;USADO;3;Chip 4G Modem
89551173335000554490;71999485871;USADO;3;Chip 4G Modem
89551173335000554474;71999496513;USADO;3;Chip 4G Modem
89551173335000554508;71999484283;USADO;3;Chip 4G Modem
89551173335000554516;71999483554;USADO;3;Chip 4G Modem
89551173335000554524;71999475510;USADO;3;Chip 4G Modem
89551173335000554466;71999496651;USADO;3;Chip 4G Modem
89551173335000554458;71999507057;USADO;3;Chip 4G Modem
89551173335000554532;71999471659;USADO;3;Chip 4G Modem
89551173335000554482;71999495226;USADO;3;Chip 4G Modem
89551173335000554557;71999551035;USADO;3;Chip 4G Modem
89551173335000560117;71997438894;USADO;3;Chip 4G Modem
89551173335000560109;71997439781;USADO;3;Chip 4G Modem
89551173335000560059;71999032750;USADO;3;Chip 4G Modem
89551173335000560067;71999031947;USADO;3;Chip 4G Modem
89551173335000560075;71999025044;USADO;3;Chip 4G Modem
89551173335000560042;71999047792;USADO;3;Chip 4G Modem
89551173335000560083;71999023516;USADO;3;Chip 4G Modem
89551173335000560125;71997465809;USADO;3;Chip 4G Modem
89551173335000560133;71997430554;USADO;3;Chip 4G Modem
89551173335000560091;71999008725;USADO;3;Chip 4G Modem
89551173335000560257;71999230285;USADO;3;Chip 4G Modem
89551173335000560141;71997422736;USADO;3;Chip 4G Modem
89551173335000560307;71999182942;USADO;3;Chip 4G Modem
89551173335000560265;71999227885;USADO;3;Chip 4G Modem
89551173335000560273;71999225108;USADO;3;Chip 4G Modem
89551173335000560299;71999197013;USADO;3;Chip 4G Modem
89551173335000560281;71999203219;USADO;3;Chip 4G Modem
89551173335000560323;71999152689;USADO;3;Chip 4G Modem
89551173335000560315;71999168711;USADO;3;Chip 4G Modem
89551173335000560331;71999144625;USADO;3;Chip 4G Modem
89551173335000555240;71997392382;USADO;3;Chip 4G Modem
89551173335000555174;71997415537;USADO;3;Chip 4G Modem
89551173335000555166;71997420339;USADO;3;Chip 4G Modem
00000000000000000000;71997396508;USADO;3;Chip 4G Modem
89551173335000555216;71997400197;USADO;3;Chip 4G Modem
89551173335000555224;71997399610;USADO;3;Chip 4G Modem
89551173335000555208;71997403073;USADO;3;Chip 4G Modem
89551173335000555430;71997198979;USADO;3;Chip 4G Modem
89551173335000555448;71997174693;USADO;3;Chip 4G Modem
89551173335000560349;71999138518;USADO;3;Chip 4G Modem
89551173335000555406;71997289006;USADO;3;Chip 4G Modem
89551173335000555372;71997312051;USADO;3;Chip 4G Modem
89551173335000555398;71997294555;USADO;3;Chip 4G Modem
89551173335000555364;71997312804;USADO;3;Chip 4G Modem
89551173335000555422;71997212508;USADO;3;Chip 4G Modem
89551173335000555414;71997221032;USADO;3;Chip 4G Modem
89551173335000555380;71997311464;USADO;3;Chip 4G Modem
89551173335000555356;71997320380;USADO;3;Chip 4G Modem
89551173335000555067;71997389386;USADO;3;Chip 4G Modem
89551173335000555059;71997389590;USADO;3;Chip 4G Modem
89551173335000555141;71997335756;USADO;3;Chip 4G Modem
89551173335000555117;71997358181;USADO;3;Chip 4G Modem
89551173335000555133;71997339291;USADO;3;Chip 4G Modem
89551173335000555158;71997421097;USADO;3;Chip 4G Modem
89551173335000555125;71997347761;USADO;3;Chip 4G Modem
89551173335000555109;71997361614;USADO;3;Chip 4G Modem
89551173335000555091;71997363834;USADO;3;Chip 4G Modem
89551173335000555182;71997414979;USADO;3;Chip 4G Modem
89551173335000555083;71997373848;USADO;3;Chip 4G Modem
89551173335000555075;71997373862;USADO;3;Chip 4G Modem
89551173335000559960;71999127993;USADO;3;Chip 4G Modem
89551173335000559952;71999136948;USADO;3;Chip 4G Modem
89551173335000559994;71999107710;USADO;3;Chip 4G Modem
89551173335000559978;71999126561;USADO;3;Chip 4G Modem
89551173335000555190;71997410272;USADO;3;Chip 4G Modem
89551173335000560026;71999073073;USADO;3;Chip 4G Modem
89551173335000560018;71999094499;USADO;3;Chip 4G Modem
89551173335000559986;71999125094;USADO;3;Chip 4G Modem
89551173335000560000;71999097353;USADO;3;Chip 4G Modem
89551173335000560034;71999053361;USADO;3;Chip 4G Modem
89551173335000552239;71996471485;USADO;3;Chip 4G Modem
89551173335000552213;71996509782;USADO;3;Chip 4G Modem
89551173335000552171;71996551036;USADO;3;Chip 4G Modem
89551173335000552163;71996573283;USADO;3;Chip 4G Modem
89551173335000552148;71996582905;USADO;3;Chip 4G Modem
89551173335000552130;71996594313;USADO;3;Chip 4G Modem
89551173335000552155;71996581588;USADO;3;Chip 4G Modem
89551173335000552197;71996531339;USADO;3;Chip 4G Modem
89551173335000552080;71996643460;USADO;3;Chip 4G Modem
89551173335000552098;71996619806;USADO;3;Chip 4G Modem
89551173335000555349;71997093276;USADO;3;Chip 4G Modem
89551173335000555273;71997146934;USADO;3;Chip 4G Modem
89551173335000555331;71997094456;USADO;3;Chip 4G Modem
89551173335000555257;71997161887;USADO;3;Chip 4G Modem
89551173335000555265;71997159136;USADO;3;Chip 4G Modem
89551173335000555299;71997124573;USADO;3;Chip 4G Modem
89551173335000555323;71997097226;USADO;3;Chip 4G Modem
89551173335000555315;71997108544;USADO;3;Chip 4G Modem
89551173335000555307;71997110422;USADO;3;Chip 4G Modem
89551173335000555281;71997144202;USADO;3;Chip 4G Modem
89551173335000551694;71996210485;USADO;3;Chip 4G Modem
89551173335000551660;71996258750;USADO;3;Chip 4G Modem
89551173335000551678;71996238241;USADO;3;Chip 4G Modem
89551173335000551686;71996228310;USADO;3;Chip 4G Modem
89551173335000551702;71996208511;USADO;3;Chip 4G Modem
89551173335000551710;71996207058;USADO;3;Chip 4G Modem
89551173335000551728;71996200484;USADO;3;Chip 4G Modem
89551173335000551736;71996174306;USADO;3;Chip 4G Modem
89551173335000551751;71996146531;USADO;3;Chip 4G Modem
89551173335000551744;71996160974;USADO;3;Chip 4G Modem
89551173335000551843;71996000807;USADO;3;Chip 4G Modem
89551173335000551777;71996140801;USADO;3;Chip 4G Modem
89551173335000551769;71996144763;USADO;3;Chip 4G Modem
89551173335000551785;71996109706;USADO;3;Chip 4G Modem
89551173335000551793;71996086634;USADO;3;Chip 4G Modem
89551173335000551801;71996079956;USADO;3;Chip 4G Modem
89551173335000551652;71996277954;USADO;3;Chip 4G Modem
89551173335000551835;71996006028;USADO;3;Chip 4G Modem
89551173335000551827;71996019571;USADO;3;Chip 4G Modem
89551173335000551819;71996064880;USADO;3;Chip 4G Modem
89551173335000552122;71996603927;USADO;3;Chip 4G Modem
89551173335000552247;71996469556;USADO;3;Chip 4G Modem
89551173335000552114;71996610986;USADO;3;Chip 4G Modem
89551173335000552221;71996506775;USADO;3;Chip 4G Modem
89551173335000552056;71996685718;USADO;3;Chip 4G Modem
89551173335000552189;71996536646;USADO;3;Chip 4G Modem
89551173335000552064;71996668590;USADO;3;Chip 4G Modem
89551173335000552072;71996649391;USADO;3;Chip 4G Modem
89551173335000552205;71996524880;USADO;3;Chip 4G Modem
89551173335000552106;71996612391;USADO;3;Chip 4G Modem
89551173335000551850;71996836278;USADO;3;Chip 4G Modem
89551173335000551868;71996834480;USADO;3;Chip 4G Modem
89551173335000551926;71996766203;USADO;3;Chip 4G Modem
89551173335000551900;71996784914;USADO;3;Chip 4G Modem
89551173335000551934;71996764067;USADO;3;Chip 4G Modem
89551173335000551876;71996823188;USADO;3;Chip 4G Modem
89551173335000551645;71996838562;USADO;3;Chip 4G Modem
89551173335000551959;71996757964;USADO;3;Chip 4G Modem
89551173335000551884;71996792072;USADO;3;Chip 4G Modem
89551173335000551892;71996788310;USADO;3;Chip 4G Modem
89551173335000552304;71996424113;USADO;3;Chip 4G Modem
89551173335000552312;71996423865;USADO;3;Chip 4G Modem
89551173335000552270;71996461866;USADO;3;Chip 4G Modem
89551173335000552262;71996463205;USADO;3;Chip 4G Modem
89551173335000552296;71996437698;USADO;3;Chip 4G Modem
89551173335000552338;71996394193;USADO;3;Chip 4G Modem
89551173335000552395;71996347162;USADO;3;Chip 4G Modem
89551173335000552320;71996405153;USADO;3;Chip 4G Modem
89551173335000552254;71996469407;USADO;3;Chip 4G Modem
89551173335000552288;71996440491;USADO;3;Chip 4G Modem
8955117333500055170;71996899768 ;USADO;3;Chip 4G Modem
89551173335000551462;71996901608;USADO;3;Chip 4G Modem
89551173335000551454;71996902110;USADO;3;Chip 4G Modem
89551173335000551496;71996895081;USADO;3;Chip 4G Modem
89551173335000557345;71996950857;USADO;3;Chip 4G Modem
89551173335000556693;71999359223;USADO;3;Chip 4G Modem
89551173335000551330;71997072949;USADO;3;Chip 4G Modem
89551173335000551322;71997073024;USADO;3;Chip 4G Modem
89551173335000556644;71999135873;USADO;3;Chip 4G Modem
89551173335000556511;71999220681;USADO;3;Chip 4G Modem
89551173335000551314;71997097208;USADO;3;Chip 4G Modem
89551173335000551348;00000000000;USADO;3;Chip 4G Modem
89551173335000556453;71999255642;USADO;3;Chip 4G Modem
89551173335000556636;71999145044;USADO;3;Chip 4G Modem
89551173335000556628;71999160458;USADO;3;Chip 4G Modem
89551173335000556461;71999251640;USADO;3;Chip 4G Modem
89551173335000556586;71999200593;USADO;3;Chip 4G Modem
89551173335000556594;71999200518;USADO;3;Chip 4G Modem
89551173335000556610;71999195152;USADO;3;Chip 4G Modem
89551173335000556602;71999197626;USADO;3;Chip 4G Modem
89551173335000556503;71999228089;USADO;3;Chip 4G Modem
89551173335000556479;71999241672;USADO;3;Chip 4G Modem
89551173335000556487;71999237681;USADO;3;Chip 4G Modem
89551173335000556495;71999232414;USADO;3;Chip 4G Modem
89551173335000556529;71999237560;USADO;3;Chip 4G Modem
89551173335000556545;71999207919;USADO;3;Chip 4G Modem
89551173335000556537;71999215367;USADO;3;Chip 4G Modem
89551173335000556552;71999207052;USADO;3;Chip 4G Modem
89551173335000556560;71999201834;USADO;3;Chip 4G Modem
89551173335000556578;71999201489;USADO;3;Chip 4G Modem
89551173335000551488;71996896133;USADO;3;Chip 4G Modem
89551173335000551538;71996891863;USADO;3;Chip 4G Modem
89551173335000551918;71996767864;USADO;3;Chip 4G Modem
89551173335000551520;71996892832;USADO;3;Chip 4G Modem
89551173335000551504;71996894521;USADO;3;Chip 4G Modem
89551173335000551512;71996894138;USADO;3;Chip 4G Modem
89551173335000552411;71996298764;USADO;3;Chip 4G Modem
89551173335000552346;71996394092;USADO;3;Chip 4G Modem
89551173335000552429;71996296455;USADO;3;Chip 4G Modem
89551173335000552361;71996382892;USADO;3;Chip 4G Modem
89551173335000552437;71996293738;USADO;3;Chip 4G Modem
89551173335000552445;71996283109;USADO;3;Chip 4G Modem
89551173335000552353;71996383608;USADO;3;Chip 4G Modem
89551173335000552379;71996381815;USADO;3;Chip 4G Modem
89551173335000552387;71996364199;USADO;3;Chip 4G Modem
89551173335000552403;71996316644;USADO;3;Chip 4G Modem
89551173335000552007;71996735081;USADO;3;Chip 4G Modem
89551173335000551942;71996759198;USADO;3;Chip 4G Modem
89551173335000551967;71996754919;USADO;3;Chip 4G Modem
89551173335000552031;71996691696;USADO;3;Chip 4G Modem
89551173335000552015;71996727159;USADO;3;Chip 4G Modem
89551173335000552023;71996718122;USADO;3;Chip 4G Modem
89551173335000551975;71996750131;USADO;3;Chip 4G Modem
89551173335000551983;71996738663;USADO;3;Chip 4G Modem
89551173335000552049;71996686167;USADO;3;Chip 4G Modem
89551173335000551991;71996738320;USADO;3;Chip 4G Modem
89551173335000557360;71996947847;USADO;3;Chip 4G Modem
89551173335000557816;71996116388;USADO;3;Chip 4G Modem
89551173335000557808;71996119491;USADO;3;Chip 4G Modem
89551173335000557790;71996124065;USADO;3;Chip 4G Modem
89551173335000557766;71996135649;USADO;3;Chip 4G Modem
89551173335000557832;71996106427;USADO;3;Chip 4G Modem
89551173335000557824;71996108830;USADO;3;Chip 4G Modem
89551173335000551546;71996891424;USADO;3;Chip 4G Modem
89551173335000551553;71996889321;USADO;3;Chip 4G Modem
89551173335000557840;71996074942;USADO;3;Chip 4G Modem
89551173335000551561;71996888570;USADO;3;Chip 4G Modem
89551173335000557857;71996073438;USADO;3;Chip 4G Modem
89551173335000557923;71996007663;USADO;3;Chip 4G Modem
89551173335000557907;71996020725;USADO;3;Chip 4G Modem
89551173335000557915;71996008526;USADO;3;Chip 4G Modem
89551173335000557881;71996034214;USADO;3;Chip 4G Modem
89551173335000557873;71996039398;USADO;3;Chip 4G Modem
89551173335000557931;71996005605;USADO;3;Chip 4G Modem
89551173335000557949;71996001719;USADO;3;Chip 4G Modem
89551173335000557865;71996072495;USADO;3;Chip 4G Modem
89551173335000557899;71996024408;USADO;3;Chip 4G Modem
89551173335000557758;71996138967;USADO;3;Chip 4G Modem
89551173335000551207;71996904392;USADO;3;Chip 4G Modem
89551173335000551223;71996903794;USADO;3;Chip 4G Modem
89551173335000551579;71996872597;USADO;3;Chip 4G Modem
89551173335000551231;71996903186;USADO;3;Chip 4G Modem
89551173335000551587;71996867308;USADO;3;Chip 4G Modem
89551173335000551595;71996851422;USADO;3;Chip 4G Modem
89551173335000551249;71996902302;USADO;3;Chip 4G Modem
89551173335000557782;71996126188;USADO;3;Chip 4G Modem
89551173335000557774;71996128711;USADO;3;Chip 4G Modem
89551173335000551082;71996917729;USADO;3;Chip 4G Modem
89551173335000551074;71996917817;USADO;3;Chip 4G Modem
89551173335000551066;71996917862;USADO;3;Chip 4G Modem
89551173335000551090;71996917723;USADO;3;Chip 4G Modem
89551173335000551108;71996917605;USADO;3;Chip 4G Modem
89551173335000551116;71996915587;USADO;3;Chip 4G Modem
89551173335000551058;71996918780;USADO;3;Chip 4G Modem
89551173335000551140;71996910390;USADO;3;Chip 4G Modem
89551173335000551132;71996910396;USADO;3;Chip 4G Modem
89551173335000551124;71996910667;USADO;3;Chip 4G Modem
89551173335000551637;71996838574;USADO;3;Chip 4G Modem
89551173335000551157;71996910389;USADO;3;Chip 4G Modem
89551173335000551173;71996905899;USADO;3;Chip 4G Modem
89551173335000551165;71996909482;USADO;3;Chip 4G Modem
89551173335000551603;71996849310;USADO;3;Chip 4G Modem
89551173335000551611;71996848822;USADO;3;Chip 4G Modem
89551173335000551215;71996904169;USADO;3;Chip 4G Modem
89551173335000551629;71996845821;USADO;3;Chip 4G Modem
89551173335000551199;71996905308;USADO;3;Chip 4G Modem
89551173335000551181;71996905466;USADO;3;Chip 4G Modem
89551173335000556271;71996363016;USADO;3;Chip 4G Modem
89551173335000556289;71996356234;USADO;3;Chip 4G Modem
89551173335000556305;71996346769;USADO;3;Chip 4G Modem
89551173335000556297;71996351698;USADO;3;Chip 4G Modem
89551173335000556313;71996342010;USADO;3;Chip 4G Modem
89551173335000556321;71996335257;USADO;3;Chip 4G Modem
89551173335000556339;71996322485;USADO;3;Chip 4G Modem
89551173335000556347;71996268906;USADO;3;Chip 4G Modem
89551173335000556263;71996366174;USADO;3;Chip 4G Modem
89551173335000556255;71996368629;USADO;3;Chip 4G Modem
89551173335000556248;71996375626;USADO;3;Chip 4G Modem
89551173335000556214;71996415366;USADO;3;Chip 4G Modem
89551173335000556222;71996399343;USADO;3;Chip 4G Modem
89551173335000556230;71996384668;USADO;3;Chip 4G Modem
89551173335000556164;71996496023;USADO;3;Chip 4G Modem
89551173335000556172;71996461265;USADO;3;Chip 4G Modem
89551173335000556156;71996500819;USADO;3;Chip 4G Modem
89551173335000556180;71996444768;USADO;3;Chip 4G Modem
89551173335000556198;71996434929;USADO;3;Chip 4G Modem
89551173335000556206;71996423823;USADO;3;Chip 4G Modem
89551173335000556040;71996139580;USADO;3;Chip 4G Modem
89551173335000558376;71996711550;USADO;3;Chip 4G Modem
89551173335000558434;71996645078;USADO;3;Chip 4G Modem
89551173335000558400;71996697428;USADO;3;Chip 4G Modem
89551173335000558392;71996704090;USADO;3;Chip 4G Modem
89551173335000558350;71996711843;USADO;3;Chip 4G Modem
89551173335000558418;71996694238;USADO;3;Chip 4G Modem
89551173335000558368;71996711694;USADO;3;Chip 4G Modem
89551173335000558426;71996673942;USADO;3;Chip 4G Modem
89551173335000558384;71996707756;USADO;3;Chip 4G Modem
89551173335000556032;71996146517;USADO;3;Chip 4G Modem
89551173335000556008;71996170983;USADO;3;Chip 4G Modem
89551173335000556396;71996260735;USADO;3;Chip 4G Modem
89551173335000556388;71996261005;USADO;3;Chip 4G Modem
89551173335000556354;71996267699;USADO;3;Chip 4G Modem
89551173335000558442;71996641685;USADO;3;Chip 4G Modem
89551173335000556404;71996260098;USADO;3;Chip 4G Modem
89551173335000556362;71996265919;USADO;3;Chip 4G Modem
89551173335000556412;71996258945;USADO;3;Chip 4G Modem
89551173335000556370;71996262925;USADO;3;Chip 4G Modem
89551173335000555968;71996221030;USADO;3;Chip 4G Modem
89551173335000555976;71996213584;USADO;3;Chip 4G Modem
89551173335000556420;71996254610;USADO;3;Chip 4G Modem
89551173335000556446;71996241151;USADO;3;Chip 4G Modem
89551173335000555992;71996184195;USADO;3;Chip 4G Modem
89551173335000555984;71996199961;USADO;3;Chip 4G Modem
89551173335000556438;71996254309;USADO;3;Chip 4G Modem
89551173335000556016;71996158073;USADO;3;Chip 4G Modem
89551173335000555950;71996224870;USADO;3;Chip 4G Modem
89551173335000556024;71996146766;USADO;3;Chip 4G Modem
89551173335000559754;71996919988;USADO;3;Chip 4G Modem
89551173335000559796;71996886488;USADO;3;Chip 4G Modem
89551173335000559804;71996880448;USADO;3;Chip 4G Modem
89551173335000559762;71996914794;USADO;3;Chip 4G Modem
89551173335000559846;71996856664;USADO;3;Chip 4G Modem
89551173335000559770;71996907075;USADO;3;Chip 4G Modem
89551173335000559788;71996893951;USADO;3;Chip 4G Modem
89551173335000559838;71996859460;USADO;3;Chip 4G Modem
89551173335000559820;71996867599;USADO;3;Chip 4G Modem
89551173335000559812;71996874056;USADO;3;Chip 4G Modem
89551173335000556149;71996500869;USADO;3;Chip 4G Modem
89551173335000556131;71996505346;USADO;3;Chip 4G Modem
89551173335000556123;71996505558;USADO;3;Chip 4G Modem
89551173335000556107;71996512661;USADO;3;Chip 4G Modem
89551173335000556115;71996511433;USADO;3;Chip 4G Modem
89551173335000559705;71996973323;USADO;3;Chip 4G Modem
89551173335000556099;71996527177;USADO;3;Chip 4G Modem
89551173335000559713;71996969567;USADO;3;Chip 4G Modem
89551173335000559697;71996976121;USADO;3;Chip 4G Modem
89551173335000559689;71997014610;USADO;3;Chip 4G Modem
89551173335000559622;71997058334;USADO;3;Chip 4G Modem
89551173335000559606;71997069295;USADO;3;Chip 4G Modem
89551173335000559655;71997036762;USADO;3;Chip 4G Modem
89551173335000559648;71997053475;USADO;3;Chip 4G Modem
89551173335000559663;71997029807;USADO;3;Chip 4G Modem
89551173335000559630;71997058267;USADO;3;Chip 4G Modem
89551173335000559598;71997074610;USADO;3;Chip 4G Modem
89551173335000559580;71997084683;USADO;3;Chip 4G Modem
89551173335000559671;71997023185;USADO;3;Chip 4G Modem
89551173335000559614;71997063489;USADO;3;Chip 4G Modem
89551173335000559895;71996793762;USADO;3;Chip 4G Modem
89551173335000559887;71996807378;USADO;3;Chip 4G Modem
89551173335000559861;71996840710;USADO;3;Chip 4G Modem
89551173335000559853;71996851855;USADO;3;Chip 4G Modem
89551173335000559945;71996716309;USADO;3;Chip 4G Modem
89551173335000559937;71996716954;USADO;3;Chip 4G Modem
89551173335000559879;71996809695;USADO;3;Chip 4G Modem
89551173335000559929;71996718565;USADO;3;Chip 4G Modem
89551173335000559911;71996728085;USADO;3;Chip 4G Modem
89551173335000559903;71996770710;USADO;3;Chip 4G Modem
89551173335000559572;71997085137;USADO;3;Chip 4G Modem
89551173335000559564;71997085846;USADO;3;Chip 4G Modem
89551173335000559721;71996956470;USADO;3;Chip 4G Modem
89551173335000556073;71996556323;USADO;3;Chip 4G Modem
89551173335000559556;71997086220;USADO;3;Chip 4G Modem
89551173335000556057;71996633468;USADO;3;Chip 4G Modem
89551173335000556081;71996547510;USADO;3;Chip 4G Modem
89551173335000556065;71996610944;USADO;3;Chip 4G Modem
89551173335000559739;71996950908;USADO;3;Chip 4G Modem
89551173335000559747;71996936110;USADO;3;Chip 4G Modem
